Date,Time,Agent,Status,Summary
5/20/2026,,milestone-doc-review,GAPS-FIXED,"8 gaps: TEST_CASES ?step= URLs wrong, Test 3 dropdown fictional, Test 11 mislabelled as scanner, arch + README minor issues. All fixed."
5/20/2026,,milestone-prereqs,OK,"All 6 M1 prerequisites met. Tests green, docs updated, agents reviewed. M1 READY."
5/20/2026,,milestone-doc-review (arch),GAPS-FIXED,2 gaps: drop-off guard checks clicks not interactions; Case 4 missing accordion/tooltip details. Both fixed.
5/20/2026,,milestone-start,GAPS-OPEN,"NOT READY: missing scope answers, anticipated tech debt, M2 arch/impl plan, test plan (milestone-test-planning)"
5/20/2026,,milestone-test-planning,GAPS-OPEN,"M2 plan: keep 4, update 6 (step+re-map IDs, dropdown), update Test 11 to auto-registry; 8 new cases pending approval"
5/20/2026,,milestone-test-planning,OK,"M2 test plan finalized: 7 M1 tests updated (1,3,7,8,9,10,11) + 8 new (Tests 12-19) approved and documented"
5/20/2026,,milestone-start,OK,"READY: all 7 M2 prerequisites met - scope specified, tech debt, arch/impl plan, and test plan complete"
5/21/2026,,heatmap-qa,OK,"M2 Part 4 viewer step-aware + Pay panels forced open + TopBar dropdown; render-only, capture untouched; suite 23/23 green"
5/21/2026,,heatmap-qa,OK,"M2 Part 5: Test 17 fixed-position OK (sidebar 0px, chatbot 1.4px); registry step-aware; capture path unchanged; 24/24 green"
5/21/2026,,milestone-doc-review,GAPS-FIXED,"M2 close: registry rename, DATA step field, 23->24 counts, Part 5 status across PRODUCT/ARCH/TEST/DATA/FUTURE/README/onboarding"
5/21/2026,,milestone-prereqs,OK,M2 READY: 24/24 green; TEST/ARCH/DATA/FUTURE updated; agents reviewed (anchor-registry deprecated); doc-review logged
5/22/2026,1:12,milestone-test-planning,OK,"M3 plan: keep 11, update 8 (clicks->events shape), remove 0, +8 new (query API, outcome, samplingRate, TTL); test-DB isolation prereq"
5/22/2026,01:19,milestone-start,OK,"M3 READY: all 7 prereqs met - M2 closed, scope frozen+specified, tech debt reviewed, arch/impl plan + test plan documented"
5/22/2026,13:30,heatmap-qa,OK,"M3 Part 1: @neondatabase/serverless installed; db.js client; sessions+events tables+indexes in public+heatmap_test schemas; db-status endpoint; playwright test isolation (HEATMAP_DB_SCHEMA=heatmap_test); DATA.md M3 row added. No tests run (no capture change yet)."
5/22/2026,14:15,heatmap-qa,OK,"M3 Part 2: store rewritten to Postgres (sessions+events tables); clicks[]→events[] rename throughout (checkoutHeatmap.js, client, renderer, 3 test files); 8 tests updated; 24/24 green on Postgres."
5/22/2026,14:30,heatmap-qa,OK,"M3 doc update: TEST_CASES.md + PRODUCT_OVERVIEW.md updated — Part 1/2 done, 8 updated tests marked implemented, test-DB isolation prereq resolved, 24/24 green noted."
5/22/2026,15:00,heatmap-qa,OK,"M3 Part 3: outcome+samplingRate fields added (normalize/finalize/store/read); query API at /api/checkout-heatmap/query (step/view/from/to filters); Tests 20-26 added; 31/31 green."
5/22/2026,16:30,heatmap-qa,OK,"M3 Part 4: cleanupCheckoutHeatmapSessions(before) added to store (finalized_at < $1); POST /api/checkout-heatmap/cleanup route created (before or ttlDays param, default 30d); Test 27 added and green; 32/32 green."
5/22/2026,17:05,milestone-doc-review,GAPS-FIXED,"M3 close: 5 agent defs made discovery-based + ref-check added; ARCH/README/FUTURE/DATA/PRODUCT M3 updates; SCALE_DESIGN.md added. All gaps fixed."
5/22/2026,17:10,milestone-prereqs,OK,"M3 READY: 32/32 green; docs updated (TEST/ARCH/DATA/FUTURE/PRODUCT/README); agents reviewed (5 discovery-based); doc-review GAPS-FIXED. All 7 prereqs MET."
5/22/2026,17:30,milestone-test-planning,OK,"M4 plan: keep 16, update 4 (Test 1 zero-interaction, Test 20 type filter, batched-transport reverify), remove 0, +13 new (Tests 28-40). 2 open items flagged."
5/22/2026,17:35,milestone-start,OK,"M4 READY: all 7 prereqs met - M3 closed, scope frozen+specified, inherited+anticipated tech debt recorded, arch/7-part plan + test plan documented."
5/25/2026,14:38,milestone-doc-review,GAPS-FIXED,"M4 close: README stale (48->53 tests, thirteen->fourteen specs, +m4-rendering.spec.ts; heatmap section now lists 3 views). Undocumented tech-debt scan clean. Other core docs current (just doc-trimmed)."
5/25/2026,15:04,milestone-prereqs,GAPS-OPEN,"M4: 8/9 MET. Only gap: finalize commit (onboarding.md uncommitted). 53/53 green; TEST/ARCH/DATA/FUTURE+agents+tech-debt all reviewed, no open critical."
2026-05-26,10:30,milestone-doc-review,GAPS-FIXED,"5 gaps fixed: suite count stale (53→52+2fixme) in PRODUCT_OVERVIEW/TEST_CASES/ARCH; ARCH missing m4-rendering.spec.ts + mobile-moves description; README missing /sweep route."
2026-05-26,01:39,milestone-prereqs,OK,"M4 READY: all 9 prereqs MET. 52/52 green + 2 fixme; docs/agents/tech-debt all reviewed; git clean. Close gates: doc-review GAPS-FIXED, no open critical."
2026-05-26,13:23,milestone-start,GAPS-OPEN,"M5 NOT READY: 4 gaps — login-step spec missing (prereq 3), no anticipated tech debt (prereq 5), no arch/impl plan (prereq 6), no test plan logged (prereq 7)"
2026-05-26,19:38,milestone-test-planning,OK,"M5 plan: keep 27, update 11 (login step in full-flow navigators), remove 0, +4 new tests (Tests 45-48) for login step + visitor_id attribution"
2026-05-26,19:42,milestone-start,OK,"M5 READY: all 7 prereqs MET — M4 closed, scope frozen+specified, inherited+anticipated tech debt recorded, arch/3-part plan + test plan documented."
2026-05-26,22:30,milestone-doc-review,GAPS-FIXED,"4 gaps fixed: ARCH M4/M5 status stale (IN PROGRESS→CLOSED); ARCH test layer missing m5 spec + stale fixme note; TEST_CASES M5 status stale; heatmap-qa.md wrong localStorage key (m1.visitor.id→m1.heatmap.visitorId)."
2026-05-26,22:35,milestone-prereqs,GAPS-OPEN,"M5: 8/9 MET. Only gap: milestone code changes not yet committed (prereq 9). Commit required before READY."
2026-05-26,22:45,milestone-prereqs,OK,"M5 READY: all 9 prereqs MET. 58/58 green, docs/agents reviewed, no open critical debt, committed e3f778e."
2026-05-27,11:37,milestone-start,GAPS-OPEN,"M6 NOT READY: 5 gaps — scope not frozen/specified (prereqs 2+3), no anticipated tech debt (5), no arch/impl plan (6), no test plan (7)"
2026-05-27,14:25,milestone-doc-review,OK,"M6 scope: 7 decisions recorded to PRODUCT_OVERVIEW.md 'Decisions agreed' — auth, report placeholder, data config (8 items), button migration, mobile scope, heatmap config, outcome filtering, link-out."
2026-05-27,16:10,milestone-doc-review,OK,"M6 scope finalized: raw-data export dropped; element/event/sampling toggles affect live capture; timeframe split (capture window vs view window); outcome filter (radio drop-offs|completers|all, all incl in-progress); outcome model unified advanced+completed->completed (M6 code task); clear-data wipes all; step untick stops capture. M6 anticipated tech debt drafted (7 items)."
2026-05-27,16:50,milestone-test-planning,OK,"M6 plan: keep 44, update 4 (Tests 2/3/37/42), remove 0, +8 new (Tests 49-56). New spec: m6-dashboard.spec.ts."
2026-05-27,16:55,milestone-start,OK,"M6 READY: all 7 prereqs MET. Scope frozen+specified, tech debt reviewed, arch+6-part plan, test plan logged."
2026-05-27,12:35,heatmap-qa,OK,"M6 Part 1: Outcome unification advanced→completed. 8 files updated; all references converted; migration idempotent. Test 37/42 validate completed outcomes. 58/58 green."
2026-05-27,17:30,heatmap-qa,OK,"M6 Parts 2+3: runtime config store (heatmap_config table, GET/POST/DELETE /api/checkout-heatmap/config, dashboardAuth.js, heatmapConfigStore.server.js, write-through cache) + capture reads config (client background-abort + server-side ingest gate for step/sampling/event-type). Tests 49–53 added. 63/63 green."
2026-05-27,19:15,milestone-doc-review,GAPS-FIXED,"M6 P6 close: 9 gaps fixed — PRODUCT/ARCH/TEST_CASES status updated to M6 CLOSED 66 tests; FUTURE_THIRD_PARTY_INTEGRATION M6 section added; heatmap-qa cookie ref fixed; test-impact TopBar desc updated; ONBOARDING + README stale controls removed."
2026-05-27,21:00,milestone-doc-review,GAPS-FIXED,"M6 full close (parallel agents): 20 gaps fixed across 9 files — ARCH M5/M6 bullets+primary files+configurable rules+stale responsibility; TEST_CASES M4 status+Test37/42 advanced→completed; DATA M4 Part5 row; PRODUCT_OVERVIEW nav note+config debt resolved; README sampling per-session; ONBOARDING stale commit note; heatmap-qa+test-impact advanced refs; store SQL guard."
2026-05-27,23:46,milestone-prereqs,OK,"M6 READY: all 9 prereqs MET. 66/66 green; TEST_CASES M6 section complete; ARCH/DATA/FUTURE reviewed; agents reviewed; no unresolved critical debt; doc-review GAPS-FIXED (row 42); committed 2d0790e."
2026-05-27,10:00,milestone-start,GAPS-OPEN,"M6.1 NOT READY: 5 gaps — scope not frozen (2), open questions unwritten (3), no anticipated tech debt (5), no arch/impl plan (6), no test plan (7)"
2026-05-28,milestone-test-planning,OK,"M6.1 plan: keep 55, update 1 (Test 54 — 4 dashboard sections), remove 0, +7 new (Tests 57–63). New spec: m6-sim.spec.ts. Infrastructure: global-teardown wipes heatmap_test_sim."
2026-05-28,milestone-start,OK,"M6.1 READY: all 7 prereqs MET. Scope frozen+specified, tech debt reviewed, arch+3-part plan, test plan logged."
2026-05-28,01:02,milestone-doc-review,GAPS-FIXED,"14 gaps fixed: PRODUCT_OVERVIEW/ARCH/TEST_CASES status; README simulate routes+section; DATA M6.1 row; FUTURE M6.1 section; onboarding; test-impact M6.1 mappings"
2026-05-28,01:03,milestone-prereqs,GAPS-OPEN,"M6.1: 8/9 MET. Only gap: M6.1 code/docs not yet committed (prereq 9). Commit required before READY."
2026-05-28,01:04,milestone-prereqs,OK,"M6.1 READY: all 9 prereqs MET. 73/73 green; TEST_CASES/ARCH/DATA/FUTURE reviewed; agents reviewed; no open critical debt; committed 34c27a1."
2026-05-28,01:43,milestone-test-planning,OK,"M6.2 plan: no e2e changes; 38 unit tests across 4 files (checkoutHeatmap 22, sampling 6, configStore 5, dashboardAuth 5)."
2026-05-28,01:56,milestone-prereqs,GAPS-OPEN,"M6.2: 6/9 MET. Gaps: milestone-doc-review not run (prereq 7), tech-debt scan stale (prereq 8), code/docs not committed (prereq 9)."
2026-05-28,01:59,milestone-doc-review,GAPS-FIXED,"M6.2: checkoutHeatmap.test.ts count fixed 22→34 in TEST_CASES.md and ARCHITECTURE_OVERVIEW.md; total 54 unit tests confirmed correct; FUTURE_THIRD_PARTY_INTEGRATION.md unaffected (unit tests only)."
2026-05-28,milestone-test-planning,OK,"M7 plan: keep 63, update 0, remove 0, +5 new e2e (Tests 64-68, m7-report.spec.ts); unit tests for M7.1 (captureWindowCheck), M7.2 (ingestConfigGates), M7.3 (TBD after audit)."
2026-05-28,milestone-start,OK,"M7 READY: all 7 prereqs MET. M6.2 closed, scope frozen+specified (4-section report, Opus 4.7, 9-part plan), inherited+anticipated tech debt recorded, test plan documented."
2026-05-28,implementation,OK,"M7 Part 7 DONE: reportPromptBuilder.js + reportResponseParser.js + route.js created; @anthropic-ai/sdk installed; 17 new unit tests (8+9), 269 total passing."
